MonthYear,Price Per Gallon
Jul-2021,3.136
Jun-2021,3.064
May-2021,2.985
Apr-2021,2.858
Mar-2021,2.81
Feb-2021,2.501
Jan-2021,2.334
Dec-2020,2.195
Nov-2020,2.108
Oct-2020,2.158
Sep-2020,2.183
Aug-2020,2.182
Jul-2020,2.183
Jun-2020,2.082
May-2020,1.87
Apr-2020,1.841
Mar-2020,2.234
Feb-2020,2.442
Jan-2020,2.548
Dec-2019,2.555
Nov-2019,2.598
Oct-2019,2.627
Sep-2019,2.592
Aug-2019,2.621
Jul-2019,2.74
Jun-2019,2.716
May-2019,2.859
Apr-2019,2.798
Mar-2019,2.516
Feb-2019,2.309
Jan-2019,2.248
Dec-2018,2.366
Nov-2018,2.647
Oct-2018,2.86
Sep-2018,2.836
Aug-2018,2.836
Jul-2018,2.849
Jun-2018,2.891
May-2018,2.901
Apr-2018,2.757
Mar-2018,2.591
Feb-2018,2.587
Jan-2018,2.555
Dec-2017,2.477
Nov-2017,2.564
Oct-2017,2.505
Sep-2017,2.645
Aug-2017,2.38
Jul-2017,2.3
Jun-2017,2.347
May-2017,2.391
Apr-2017,2.417
Mar-2017,2.325
Feb-2017,2.304
Jan-2017,2.349
Dec-2016,2.254
Nov-2016,2.182
Oct-2016,2.249
Sep-2016,2.219
Aug-2016,2.178
Jul-2016,2.239
Jun-2016,2.366
May-2016,2.268
Apr-2016,2.113
Mar-2016,1.969
Feb-2016,1.764
Jan-2016,1.949
Dec-2015,2.038
Nov-2015,2.158
Oct-2015,2.29
Sep-2015,2.365
Aug-2015,2.636
Jul-2015,2.794
Jun-2015,2.802
May-2015,2.718
Apr-2015,2.469
Mar-2015,2.464
Feb-2015,2.216
Jan-2015,2.116
Dec-2014,2.543
Nov-2014,2.912
Oct-2014,3.171
Sep-2014,3.406
Aug-2014,3.487
Jul-2014,3.611
Jun-2014,3.692
May-2014,3.673
Apr-2014,3.661
Mar-2014,3.533
Feb-2014,3.356
Jan-2014,3.313
Dec-2013,3.276
Nov-2013,3.243
Oct-2013,3.344
Sep-2013,3.532
Aug-2013,3.574
Jul-2013,3.591
Jun-2013,3.626
May-2013,3.615
Apr-2013,3.57
Mar-2013,3.711
Feb-2013,3.67
Jan-2013,3.319
Dec-2012,3.31
Nov-2012,3.452
Oct-2012,3.746
Sep-2012,3.849
Aug-2012,3.722
Jul-2012,3.439
Jun-2012,3.539
May-2012,3.732
Apr-2012,3.9
Mar-2012,3.852
Feb-2012,3.579
Jan-2012,3.38
Dec-2011,3.266
Nov-2011,3.384
Oct-2011,3.448
Sep-2011,3.611
Aug-2011,3.639
Jul-2011,3.65
Jun-2011,3.68
May-2011,3.906
Apr-2011,3.8
Mar-2011,3.561
Feb-2011,3.211
Jan-2011,3.095
Dec-2010,2.993
Nov-2010,2.859
Oct-2010,2.801
Sep-2010,2.705
Aug-2010,2.73
Jul-2010,2.729
Jun-2010,2.732
May-2010,2.836
Apr-2010,2.848
Mar-2010,2.772
Feb-2010,2.644
Jan-2010,2.715
Dec-2009,2.607
Nov-2009,2.651
Oct-2009,2.551
Sep-2009,2.554
Aug-2009,2.616
Jul-2009,2.527
Jun-2009,2.631
May-2009,2.266
Apr-2009,2.049
Mar-2009,1.959
Feb-2009,1.923
Jan-2009,1.788
Dec-2008,1.687
Nov-2008,2.147
Oct-2008,3.051
Sep-2008,3.703
Aug-2008,3.779
Jul-2008,4.062
Jun-2008,4.054
May-2008,3.766
Apr-2008,3.458
Mar-2008,3.244
Feb-2008,3.028
Jan-2008,3.043
Dec-2007,3.018
Nov-2007,3.08
Oct-2007,2.803
Sep-2007,2.803
Aug-2007,2.786
Jul-2007,2.965
Jun-2007,3.056
May-2007,3.146
Apr-2007,2.845
Mar-2007,2.563
Feb-2007,2.278
Jan-2007,2.24
Dec-2006,2.313
Nov-2006,2.229
Oct-2006,2.245
Sep-2006,2.555
Aug-2006,2.952
Jul-2006,2.981
Jun-2006,2.885
May-2006,2.907
Apr-2006,2.742
Mar-2006,2.425
Feb-2006,2.28
Jan-2006,2.316
Dec-2005,2.185
Nov-2005,2.257
Oct-2005,2.717
Sep-2005,2.903
Aug-2005,2.486
Jul-2005,2.29
Jun-2005,2.156
May-2005,2.161
Apr-2005,2.243
Mar-2005,2.079
Feb-2005,1.91
Jan-2005,1.831
Dec-2004,1.841
Nov-2004,1.979
Oct-2004,2
Sep-2004,1.87
Aug-2004,1.878
Jul-2004,1.911
Jun-2004,1.969
May-2004,1.983
Apr-2004,1.798
Mar-2004,1.736
Feb-2004,1.648
Jan-2004,1.572
Dec-2003,1.479
Nov-2003,1.512
Oct-2003,1.564
Sep-2003,1.679
Aug-2003,1.62
Jul-2003,1.513
Jun-2003,1.493
May-2003,1.497
Apr-2003,1.589
Mar-2003,1.693
Feb-2003,1.613
Jan-2003,1.458
Dec-2002,1.386
Nov-2002,1.419
Oct-2002,1.445
Sep-2002,1.4
Aug-2002,1.396
Jul-2002,1.397
Jun-2002,1.382
May-2002,1.392
Apr-2002,1.397
Mar-2002,1.249
Feb-2002,1.114
Jan-2002,1.107
Dec-2001,1.086
Nov-2001,1.171
Oct-2001,1.315
Sep-2001,1.522
Aug-2001,1.421
Jul-2001,1.421
Jun-2001,1.616
May-2001,1.702
Apr-2001,1.552
Mar-2001,1.409
Feb-2001,1.45
Jan-2001,1.447
Dec-2000,1.443
Nov-2000,1.517
Oct-2000,1.532
Sep-2000,1.55
Aug-2000,1.465
Jul-2000,1.551
Jun-2000,1.633
May-2000,1.487
Apr-2000,1.465
Mar-2000,1.516
Feb-2000,1.377
Jan-2000,1.289
Dec-1999,1.273
Nov-1999,1.251
Oct-1999,1.244
Sep-1999,1.256
Aug-1999,1.221
Jul-1999,1.158
Jun-1999,1.114
May-1999,1.131
Apr-1999,1.131
Mar-1999,0.982
Feb-1999,0.921
Jan-1999,0.939
Dec-1998,0.945
Nov-1998,0.995
Oct-1998,1.019
Sep-1998,1.009
Aug-1998,1.026
Jul-1998,1.055
Jun-1998,1.064
May-1998,1.064
Apr-1998,1.03
Mar-1998,1.017
Feb-1998,1.049
Jan-1998,1.086
Dec-1997,1.131
Nov-1997,1.171
Oct-1997,1.197
Sep-1997,1.231
Aug-1997,1.224
Jul-1997,1.174
Jun-1997,1.198
May-1997,1.2
Apr-1997,1.199
Mar-1997,1.205
Feb-1997,1.23
Jan-1997,1.236
Dec-1996,1.235
Nov-1996,1.232
Oct-1996,1.204
Sep-1996,1.202
Aug-1996,1.207
Jul-1996,1.227
Jun-1996,1.256
May-1996,1.279
Apr-1996,1.231
Mar-1996,1.137
Feb-1996,1.089
Jan-1996,1.09
Dec-1995,1.071
Nov-1995,1.062
Oct-1995,1.087
Sep-1995,1.111
Aug-1995,1.123
Jul-1995,1.154
Jun-1995,1.192
May-1995,1.178
Apr-1995,1.111
Mar-1995,1.072
Feb-1995,1.073
Jan-1995,1.082
Dec-1994,1.091
Nov-1994,1.116
Oct-1994,1.114
Sep-1994,1.144
Aug-1994,1.155
Jul-1994,1.106
Jun-1994,1.078
May-1994,1.047
Apr-1994,1.027
Mar-1994,1.008
Feb-1994,1.009
Jan-1994,0.998
Dec-1993,1.014
Nov-1993,1.066
Oct-1993,1.092
Sep-1993,1.05
Aug-1993,1.062
Jul-1993,1.078
Jun-1993,1.097
May-1993,1.1
Apr-1993,1.078
Mar-1993,1.052
Feb-1993,1.054
Jan-1993,1.062
Dec-1992,1.078
Nov-1992,1.111
Oct-1992,1.114
Sep-1992,1.122
Aug-1992,1.122
Jul-1992,1.137
Jun-1992,1.145
May-1992,1.107
Apr-1992,1.052
Mar-1992,1.013
Feb-1992,1.006
Jan-1992,1.022
Dec-1991,1.076
Nov-1991,1.099
Oct-1991,1.088
Sep-1991,1.109
Aug-1991,1.115
Jul-1991,1.096
Jun-1991,1.128
May-1991,1.126
Apr-1991,1.076
Mar-1991,1.04
Feb-1991,1.094
Jan-1991,
Dec-1990,
Nov-1990,1.324
Oct-1990,1.335
Sep-1990,1.258
